{
  "model_name": "Gradient Boosting",
  "features": [
    "P6040",
    "P6110",
    "P5020",
    "P6585S2",
    "P6016",
    "P6585S3",
    "P6080",
    "P6050",
    "P6090",
    "P6430",
    "FT",
    "P6920",
    "P5000",
    "DPTO",
    "P5080",
    "P5040",
    "CLASE",
    "AREA",
    "P5090",
    "P6250",
    "P6240",
    "P5030",
    "P6585S1",
    "P6160",
    "P6100",
    "P6170",
    "P5070",
    "P5010"
  ],
  "n_features": 28,
  "metrics": {
    "ROC-AUC": 0.8092950987377785,
    "F1-Score": 0.0,
    "Precision": 0.0,
    "Recall": 0.0,
    "Accuracy": 0.9258008889320671,
    "Time (s)": 22.807337045669556
  },
  "scale_pos_weight": 12.499098360655738,
  "train_size": 164689,
  "test_size": 41173,
  "class_balance": {
    "0": 0.9259209783288501,
    "1": 0.07407902167114987
  }
}